time,language,algorithm
2024-01-01,JavaScript,Quick Sort
2024-01-02,Python,Binary Search
2024-01-03,C++,Dijkstra's Algorithm
2024-01-04,Java,Merge Sort
2024-01-05,Ruby,Dynamic Programming
2024-01-06,Go,Breadth-First Search
2024-01-07,TypeScript,Depth-First Search
2024-01-07,TypeScript,Depth-First Search
2024-01-08,C#,Kruskal's Algorithm
2024-01-09,PHP,Prim's Algorithm
2024-01-10,Swift,Heap Sort
2024-01-11,JavaScript,Quick Sort
2024-01-12,Python,Binary Search
2024-01-13,C++,Bellman-Ford Algorithm
2024-01-14,Java,Insertion Sort
2024-01-15,Ruby,Longest Common Subsequence
2024-01-16,Go,Floyd-Warshall Algorithm
2024-01-17,TypeScript,Counting Sort
2024-01-18,C#,Topological Sort
2024-01-19,PHP,Convex Hull
2024-01-20,Swift,Bubble Sort
2024-01-20,Swift,Bubble Sort
2024-01-20,Swift,Bubble Sort
2024-01-20,Swift,Bubble Sort
2024-01-21,JavaScript,Quick Sort
2024-01-22,Python,Ternary Search
2024-01-23,C++,Tarjan's Algorithm
2024-01-24,Java,Bucket Sort
2024-01-25,Ruby,Fenwick Tree
2024-01-26,Go,Segment Tree
2024-01-27,TypeScript,Radix Sort
2024-01-28,C#,Suffix Array
2024-01-29,PHP,Z Algorithm
2024-01-30,Swift,Boyer-Moore Algorithm
2024-01-31,JavaScript,Shell Sort
2024-02-01,Python,Kadane's Algorithm
2024-02-03,Java,AVL Tree
2024-01-20,Swift,Bubble Sort
2024-02-04,Ruby,Red-Black Tree
2024-02-05,Go,Fibonacci Search
2024-02-06,TypeScript,Jump Search
2024-02-07,C#,Exponential Search
2024-02-08,PHP,Rabin-Karp Algorithm
2024-02-09,Swift,KMP Algorithm
2024-02-10,JavaScript,Boyer-Moore Voting Algorithm
2024-02-11,Python,Euclidean Algorithm
2024-02-12,C++,Knuth-Morris-Pratt Algorithm
2024-02-13,Java,Disjoint Set Union
2024-02-13,Java,Disjoint Set Union
2024-02-13,Java,Disjoint Set Union
2024-02-13,Java,Disjoint Set Union
2024-02-14,Ruby,Bellman-Ford Algorithm
2024-02-15,Go,Extended Euclidean Algorithm
2024-02-16,TypeScript,Floyd's Cycle Detection
2024-02-17,C#,Ford-Fulkerson Algorithm
2024-02-18,PHP,Union-Find
2024-02-19,Swift,Gale-Shapley Algorithm
2024-02-20,JavaScript,A* Search Algorithm
2024-02-21,Python,Minimax Algorithm
2024-02-22,C++,Monte Carlo Algorithm
2024-02-23,Java,Strassen's Matrix Multiplication
2024-02-24,Ruby,Chandy-Lamport Algorithm
2024-02-25,Go,Barnes-Hut Algorithm
2024-02-26,TypeScript,Dining Philosophers Problem
2024-02-27,C#,Johnson's Algorithm
2024-02-28,PHP,Edmonds-Karp Algorithm
2024-02-29,Swift,PageRank Algorithm
2024-03-01,JavaScript,Stable Marriage Problem
2024-03-01,JavaScript,Stable Marriage Problem
2024-03-01,JavaScript,Stable Marriage Problem
2024-03-01,JavaScript,Stable Marriage Problem
2024-03-01,JavaScript,Stable Marriage Problem
2024-03-01,JavaScript,Stable Marriage Problem
2024-03-01,JavaScript,Stable Marriage Problem
2024-03-01,JavaScript,Stable Marriage Problem
2024-03-01,JavaScript,Stable Marriage Problem
2024-03-02,Python,Skip List
2024-03-03,C++,Treap
2024-03-04,Java,Bloom Filter
2024-03-05,Ruby,Bitwise Sieve
2024-03-06,Go,Splay Tree
2024-03-07,TypeScript,Trie
2024-03-08,C#,Wavelet Tree
2024-03-09,PHP,Van Emde Boas Tree
2024-03-10,Swift,2-SAT Problem
